{
  "info": {
    "license_key": "Pwn3rzs-CyberArsenal",
    "name": "Pwn3rzs",
    "email": "pwn@pwn3rzs.rules",
    "first_activated": "2023-09-20 11:58:50.559518",
    "expires": "2123-08-27T11:58:50",
    "maintenance_expires": "2123-08-27T11:58:50",
    "max_engines": 100,
    "max_targets": 100000,
    "product_code": "AOPENT",
    "bxss_user_id": "0",
    "bxss_api_key": "0",
    "is_offline": false,
    "is_worker": false,
    "is_disabled": false
  },
  "major_version": 23,
  "minor_version": 8,
  "build_number": 230918154,
  "expired": false,
  "maintenance_expired": false,
  "activation_error": 0,
  "activated": true,
  "checksum": "e2fd2bf7292cda538128ec15e7bea2b3",
  "grace": 0,
  "scan": true,
  "update": false,
  "access": true,
  "last_reactivated": "2023-09-20 11:58:50.559518",
  "site_id": "MkVbW5eEk56N1bsmsFIEU6YuNclHMB23",
  "mac": "00:00:00:00:00:00",
  "install_id": "7GXDiaNid1vesnOKgMWU8MSgf1G31Sg3"
}